[
  {
    "name_port": "\u0421\u0443\u0445\u043e\u0439",
    "transport": [
      {
        "id": "13",
        "sudno": [
          {
            "name_sudno": "\u0411\u0443\u0442\u044b\u043b\u043a\u0430",
            "model": "\u0410-79",
            "type": "\u0413\u0440\u0443\u0437\u043e\u0432\u043e\u0435",
            "char": "50\u0442"
          }
        ],
        "out_punkt": [
          {
            "name_port": "\u0421\u0443\u0445\u043e\u0439",
            "out_time": "06.12.2018 12:23"
          }
        ],
        "in_punkt": [
          {
            "name_port": "\u0417\u0435\u043b\u0451\u043d\u044b\u0439",
            "in_time": "08.12.2018 15:47"
          }
        ]
      },
      {
        "id": "93",
        "sudno": [
          {
            "name_sudno": "\u0422\u044f\u0433\u0430\u0447",
            "model": "\u0410-55",
            "type": "\u0413\u0440\u0443\u0437\u043e\u0432\u043e\u0435",
            "char": "85\u0442"
          }
        ],
        "out_punkt": [
          {
            "name_port": "\u0421\u0443\u0445\u043e\u0439",
            "out_time": "07.12.2018 14:32"
          }
        ],
        "in_punkt": [
          {
            "name_port": "\u0420\u044f\u0431\u0447\u0438\u043a\u043e\u0432\u044b\u0439",
            "in_time": "25.12.2018 17:11"
          }
        ]
      }
    ]
  },
  {
    "name_port": "\u041d\u0435\u0431\u0440\u0435\u0436\u043d\u044b\u0439",
    "transport": [
      {
        "id": "47",
        "sudno": [
          {
            "name_sudno": "\u041f\u0430\u043f\u0438\u0440\u0443\u0441",
            "model": "\u0411-77",
            "type": "\u041f\u0430\u0441\u0441\u0430\u0436\u0438\u0440\u0441\u043a\u043e\u0435 ",
            "char": "VIP"
          }
        ],
        "out_punkt": [
          {
            "name_port": "\u041d\u0435\u0431\u0440\u0435\u0436\u043d\u044b\u0439",
            "out_time": "31.12.2018 17:43"
          }
        ],
        "in_punkt": [
          {
            "name_port": "\u0428\u0442\u0443\u0440\u0432\u0430\u043b\u044c\u043d\u044b\u0439",
            "in_time": "04.01.2019 23:59"
          }
        ]
      }
    ]
  },
  {
    "name_port": "\u0417\u0430\u0431\u0430\u0439\u043a\u0430\u043b\u044c\u0441\u043a\u0438\u0439",
    "transport": [
      {
        "id": "777",
        "sudno": [
          {
            "name_sudno": "\u041f\u043e\u043f\u043b\u0430\u0432\u043e\u043a",
            "model": "\u0411-01",
            "type": "\u041f\u0430\u0441\u0441\u0430\u0436\u0438\u0440\u0441\u043a\u043e\u0435",
            "char": "\u042d\u043a\u043e\u043d\u043e\u043c"
          }
        ],
        "out_punkt": [
          {
            "name_port": "\u0417\u0430\u0431\u0430\u0439\u043a\u0430\u043b\u044c\u0441\u043a\u0438\u0439",
            "out_time": "27.12.2018 00:01"
          }
        ],
        "in_punkt": [
          {
            "name_port": "\u0411\u0443\u0433\u043e\u0440\u043d\u044b\u0439",
            "in_time": " 31.12.2018 21:43"
          }
        ]
      }
    ]
  }
]