[{"username": "Admin", "password": "AdminPassword", "phone": "89046331347", "email": "mordvintsevmv@port.ru", "name": "Maxim", "surname": "Mordvintsev", "gender": "Male", "permission": "Admin"}, {"username": "Stuff", "password": "StuffPassword", "phone": "89608522504", "email": "stuffmail@port.ru", "name": "Mixail", "surname": "Zubenko", "gender": "Male", "permission": "Stuff"}, {"username": "User", "password": "UserPassword", "phone": "89170912943", "email": "usermai@port.rul", "name": "Simple", "surname": "User", "gender": "Female", "permission": "User"}, {"username": "Mihail", "password": "12345678", "phone": "89046134356", "email": "portmihail@port.ru", "name": "\u041c\u0438\u0445\u0430\u0438\u043b", "surname": "\u0417\u0443\u0431\u0435\u043d\u043a\u043e", "gender": "Male", "permission": "Stuff"}, {"username": "123", "password": "123", "phone": "123", "email": "weqw@ya.ru", "name": "1", "surname": "2", "gender": "Male", "permission": "Stuff"}]